<?xml version="1.0" encoding="UTF-8"?>
<!DOCTYPE MudletPackage>
<MudletPackage version="1.001">
	<TriggerPackage>
		<TriggerGroup isActive="yes" isFolder="yes" isTempTrigger="no" isMultiline="no" isPerlSlashGOption="no" isColorizerTrigger="no" isFilterTrigger="no" isSoundTrigger="no" isColorTrigger="no" isColorTriggerFg="no" isColorTriggerBg="no">
			<name>AvaletTriggerFuerTimer</name>
			<script></script>
			<triggerType>0</triggerType>
			<conditonLineDelta>0</conditonLineDelta>
			<mStayOpen>0</mStayOpen>
			<mCommand></mCommand>
			<packageName></packageName>
			<mFgColor>#ff0000</mFgColor>
			<mBgColor>#ffff00</mBgColor>
			<mSoundFile></mSoundFile>
			<colorTriggerFgColor>#000000</colorTriggerFgColor>
			<colorTriggerBgColor>#000000</colorTriggerBgColor>
			<regexCodeList />
			<regexCodePropertyList />
		</TriggerGroup>
	</TriggerPackage>
	<AliasPackage>
		<AliasGroup isActive="yes" isFolder="yes">
			<name>Bewegung</name>
			<script></script>
			<command></command>
			<packageName></packageName>
			<regex></regex>
			<Alias isActive="yes" isFolder="no">
				<name>Norden</name>
				<script>raiseEvent("keyPadEvent",8)</script>
				<command></command>
				<packageName></packageName>
				<regex>^(n|norden)$</regex>
			</Alias>
			<Alias isActive="yes" isFolder="no">
				<name>Nordosten</name>
				<script>raiseEvent("keyPadEvent",9)</script>
				<command></command>
				<packageName></packageName>
				<regex>^(no|nordosten)$</regex>
			</Alias>
			<Alias isActive="yes" isFolder="no">
				<name>Osten</name>
				<script>raiseEvent("keyPadEvent",6)</script>
				<command></command>
				<packageName></packageName>
				<regex>^(o|osten)$</regex>
			</Alias>
			<Alias isActive="yes" isFolder="no">
				<name>Suedosten</name>
				<script>raiseEvent("keyPadEvent",3)</script>
				<command></command>
				<packageName></packageName>
				<regex>^(so|suedosten|os)$</regex>
			</Alias>
			<Alias isActive="yes" isFolder="no">
				<name>Sueden</name>
				<script>raiseEvent("keyPadEvent",2)</script>
				<command></command>
				<packageName></packageName>
				<regex>^(s|sueden)$</regex>
			</Alias>
			<Alias isActive="yes" isFolder="no">
				<name>Suedwesten</name>
				<script>raiseEvent("keyPadEvent",1)</script>
				<command></command>
				<packageName></packageName>
				<regex>^(sw|suedwesten)$</regex>
			</Alias>
			<Alias isActive="yes" isFolder="no">
				<name>Westen</name>
				<script>raiseEvent("keyPadEvent",4)</script>
				<command></command>
				<packageName></packageName>
				<regex>^(w|westen)$</regex>
			</Alias>
			<Alias isActive="yes" isFolder="no">
				<name>Nordwesten</name>
				<script>raiseEvent("keyPadEvent",7)</script>
				<command></command>
				<packageName></packageName>
				<regex>^(nw|nordwesten)$</regex>
			</Alias>
			<Alias isActive="yes" isFolder="no">
				<name>Hoch</name>
				<script>raiseEvent("keyPadEvent",10)</script>
				<command></command>
				<packageName></packageName>
				<regex>^(h|hoch)$</regex>
			</Alias>
			<Alias isActive="yes" isFolder="no">
				<name>Runter</name>
				<script>raiseEvent("keyPadEvent",11)</script>
				<command></command>
				<packageName></packageName>
				<regex>^(r|runter)$</regex>
			</Alias>
			<Alias isActive="yes" isFolder="no">
				<name>Rein</name>
				<script>raiseEvent("keyPadEvent",12)
-- send(matches[1])</script>
				<command></command>
				<packageName></packageName>
				<regex>^(rein)$</regex>
			</Alias>
			<Alias isActive="yes" isFolder="no">
				<name>Raus</name>
				<script>raiseEvent("keyPadEvent",13)
-- send(matches[1])</script>
				<command></command>
				<packageName></packageName>
				<regex>^(raus)$</regex>
			</Alias>
		</AliasGroup>
	</AliasPackage>
	<TimerPackage>
		<TimerGroup isActive="yes" isFolder="yes" isTempTimer="no" isOffsetTimer="no">
			<name>Avalet</name>
			<script></script>
			<command></command>
			<packageName></packageName>
			<time>00:00:00.000</time>
			<Timer isActive="no" isFolder="no" isTempTimer="no" isOffsetTimer="no">
				<name>avaletTimersTimer</name>
				<script>refreshTimer()</script>
				<command></command>
				<packageName></packageName>
				<time>00:00:01.000</time>
			</Timer>
		</TimerGroup>
	</TimerPackage>
	<KeyPackage>
		<KeyGroup isActive="yes" isFolder="yes">
			<name>Keypadfunktionen</name>
			<packageName></packageName>
			<script></script>
			<command></command>
			<keyCode>-1</keyCode>
			<keyModifier>-1</keyModifier>
			<Key isActive="yes" isFolder="no">
				<name>9 - nordosten</name>
				<packageName></packageName>
				<script>raiseEvent("keyPadEvent",9)</script>
				<command></command>
				<keyCode>57</keyCode>
				<keyModifier>536870912</keyModifier>
			</Key>
			<Key isActive="yes" isFolder="no">
				<name>8 - norden</name>
				<packageName></packageName>
				<script>raiseEvent("keyPadEvent",8)</script>
				<command></command>
				<keyCode>56</keyCode>
				<keyModifier>536870912</keyModifier>
			</Key>
			<Key isActive="yes" isFolder="no">
				<name>7 - nordwesten</name>
				<packageName></packageName>
				<script>raiseEvent("keyPadEvent",7)</script>
				<command></command>
				<keyCode>55</keyCode>
				<keyModifier>536870912</keyModifier>
			</Key>
			<Key isActive="yes" isFolder="no">
				<name>6 - osten</name>
				<packageName></packageName>
				<script>raiseEvent("keyPadEvent",6)</script>
				<command></command>
				<keyCode>54</keyCode>
				<keyModifier>536870912</keyModifier>
			</Key>
			<Key isActive="yes" isFolder="no">
				<name>5 - schau</name>
				<packageName></packageName>
				<script>sendATCP("ava_req_iid", "hier")
raiseEvent("keyPadEvent",5)
				</script>
				<command></command>
				<keyCode>53</keyCode>
				<keyModifier>536870912</keyModifier>
			</Key>
			<Key isActive="yes" isFolder="no">
				<name>4 - westen</name>
				<packageName></packageName>
				<script>raiseEvent("keyPadEvent",4)</script>
				<command></command>
				<keyCode>52</keyCode>
				<keyModifier>536870912</keyModifier>
			</Key>
			<Key isActive="yes" isFolder="no">
				<name>3 - suedosten</name>
				<packageName></packageName>
				<script>raiseEvent("keyPadEvent",3)</script>
				<command></command>
				<keyCode>51</keyCode>
				<keyModifier>536870912</keyModifier>
			</Key>
			<Key isActive="yes" isFolder="no">
				<name>2 - sueden</name>
				<packageName></packageName>
				<script>raiseEvent("keyPadEvent",2)</script>
				<command></command>
				<keyCode>50</keyCode>
				<keyModifier>536870912</keyModifier>
			</Key>
			<Key isActive="yes" isFolder="no">
				<name>1 - suedwesten</name>
				<packageName></packageName>
				<script>raiseEvent("keyPadEvent",1)</script>
				<command></command>
				<keyCode>49</keyCode>
				<keyModifier>536870912</keyModifier>
			</Key>
			<Key isActive="yes" isFolder="no">
				<name>- - hoch</name>
				<packageName></packageName>
				<script>raiseEvent("keyPadEvent",10)</script>
				<command></command>
				<keyCode>45</keyCode>
				<keyModifier>536870912</keyModifier>
			</Key>
			<Key isActive="yes" isFolder="no">
				<name>+ - runter</name>
				<packageName></packageName>
				<script>raiseEvent("keyPadEvent",11)</script>
				<command></command>
				<keyCode>43</keyCode>
				<keyModifier>536870912</keyModifier>
			</Key>
			<Key isActive="yes" isFolder="no">
				<name>/ - rein</name>
				<packageName></packageName>
				<script>raiseEvent("keyPadEvent",12)</script>
				<command></command>
				<keyCode>47</keyCode>
				<keyModifier>536870912</keyModifier>
			</Key>
			<Key isActive="yes" isFolder="no">
				<name>* - raus</name>
				<packageName></packageName>
				<script>raiseEvent("keyPadEvent",13)</script>
				<command></command>
				<keyCode>42</keyCode>
				<keyModifier>536870912</keyModifier>
			</Key>
		</KeyGroup>
	</KeyPackage>	
	<ScriptPackage>
		<ScriptGroup isActive="yes" isFolder="no">
			<name>Avalet</name>
			<packageName></packageName>
			<script>-- BEGINN Avalet-Kram
-- Bitte eigenen Code HINTER dem Avalet-Kram einfügen.
require "Avalet"                 -- lädt die init.lua
-- ENDE Avalet-Kram
--
-- ACHTUNG!!! Änderungen an diesem Modul (Avalet) werden nicht gespeichert!
-- Weder Skripte noch Trigger noch Timer noch Alias noch sonst irgendwas.
-- Änderungen können hier zu Testzwecken reingeschrieben werden, aber sie
-- überstehen keinen Neustart von Mudlet. Eigene Skripte, Trigger etc. müssen
-- in ein eigenes Mudlet-Modul (oder einfach lokal in ein Profil) geschrieben
-- werden!
			</script>
			<eventHandlerList />
		</ScriptGroup>	
<!--
		<ScriptGroup isActive="yes" isFolder="yes">
			<name>AvaletGUI</name>
			<packageName></packageName>
			<script>-- Avalet-Kram
-- Bitte eigenen Code HINTER dem Avalet-Kram einfügen.
-- ENDE Avalet-Kram
			</script>
			<eventHandlerList />
			<Script isActive="yes" isFolder="no">
				<name>AvaletGUI</name>
				<packageName></packageName>
				<script>-- Avalet-Kram
-- Bitte eigenen Code HINTER dem Avalet-Kram einfügen.
--require "Avalet.scripts.gui"           -- lädt die angegebene lua-datei
--require "Avalet.scripts.character"     -- lädt die angegebene lua-datei
-- ENDE Avalet-Kram
				</script>
				<eventHandlerList />
			</Script>
		</ScriptGroup>
		<ScriptGroup isActive="yes" isFolder="yes">
			<name>AvaletATCP</name>
			<packageName></packageName>
			<script>-- Avalet-Kram
-- Bitte eigenen Code HINTER dem Avalet-Kram einfügen.
-- ENDE Avalet-Kram
			</script>
			<eventHandlerList />
			<Script isActive="yes" isFolder="no">
				<name>AvaletATCP</name>
				<packageName></packageName>
				<script>-- Avalet-Kram
-- Bitte eigenen Code HINTER dem Avalet-Kram einfügen.
-- require "Avalet.scripts.atcp"     -- lädt die angegebene lua-datei
-- ENDE Avalet-Kram
				</script>
				<eventHandlerList />
			</Script>
		</ScriptGroup>
-->
	</ScriptPackage>
</MudletPackage>
